<?xml version="1.0" encoding="utf-8"?>
<Module>
	<Name value="PartyManager"/>
	<Id value="PartyManager"/>
	<Version value="v1.10.0"/>
	<SingleplayerModule value="true"/>
	<MultiplayerModule value="false"/>
    <Official value="false" />
	<DependedModules>
         <DependedModule Id="Native"/>
         <DependedModule Id="SandBoxCore"/>
         <DependedModule Id="Sandbox"/>
         <DependedModule Id="CustomBattle"/>
         <DependedModule Id="StoryMode" />
	</DependedModules>
	<SubModules>
		<SubModule>
			<Name value="PartyManager"/>
			<DLLName value="PartyManager.dll"/>
			<SubModuleClassType value="PartyManager.SubModule"/>
			<Tags>
				<Tag key="DedicatedServerType" value="none" />
				<Tag key="IsNoRenderModeElement" value="false" />
			</Tags>
		</SubModule>
	</SubModules>
	<Xmls/>
</Module>