﻿<Prefab>
  <Constants>

    <Constant Name="MainWidget.SuggestedWidth" Value="1700" />

    <Constant Name="ButtonGroup.SuggestedWidth" Value="640" />
    <Constant Name="ButtonGroup.SuggestedHeight" Value="70" />
    <Constant Name="ButtonGroup.RightMargin" Value="0" />
    <Constant Name="ButtonGroup.TopMargin" Value="18" />
    <Constant Name="LeftButtonGroup.RightMargin" Value="0" />
    <Constant Name="LeftButtonGroup.SuggestedWidth" Value="640" />


    <Constant Name="Buttons.Margin" Value="3" />
    <Constant Name="Buttons.Width" Value="40" />
    <Constant Name="Buttons.Size" Value="35" />
    <Constant Name="Buttons.Height" Value="40" />
    <Constant Name="Buttons.TopMargin" Value="0" />





    <Constant Name="PartyInfoIconRightMargin" Value="180" />
    <Constant Name="SortButtonRightMargin" Value="140" />
    <Constant Name="CycleSortButtonRightMargin" Value="100" />
    <Constant Name="UpgradeAllTroopsButtonRightMargin" Value="60" />
    <Constant Name="RecruitAllButtonRightMargin" Value="20" />


    <Constant Name="OpenSettingsButton.Size" Value="20" />
    <Constant Name="OpenSettingsButton.TopMargin" Value="0" />
    <Constant Name="OpenSettingsButton.RightMargin" Value="5" />
  </Constants>
  <Variables>
  </Variables>
  <VisualDefinitions>
    <VisualDefinition Name="UpgradeRecruitMenu" DelayOnBegin="0.2" TransitionDuration="0.4">
      <VisualState PositionYOffset="12" State="Default" />
    </VisualDefinition>
  </VisualDefinitions>
  <Window>
    <Widget Id="PartyManagerMod" VisualDefinition="UpgradeRecruitMenu" WidthSizePolicy="StretchToParent"  HeightSizePolicy="CoverChildren"
                SuggestedHeight="!ButtonGroup.SuggestedHeight"   HorizontalAlignment="Right" VerticalAlignment="Top"
            MarginTop="!ButtonGroup.TopMargin"
                DoNotAcceptEvents="true">
      <Children>
        <Widget Id="PMOwnerPartyWidget"  WidthSizePolicy="Fixed" HeightSizePolicy="Fixed"
                SuggestedWidth="!ButtonGroup.SuggestedWidth"   HorizontalAlignment="Right" VerticalAlignment="Top" SuggestedHeight="!ButtonGroup.SuggestedHeight"
            MarginRight="!ButtonGroup.RightMargin"
                DoNotAcceptEvents="true">
          <Children>
            <ListPanel Id="OwnerPartyOverview" DoNotAcceptEvents="true" WidthSizePolicy="CoverChildren" HeightSizePolicy="StretchToParent" HorizontalAlignment="Left" VerticalAlignment="Center" MarginRight="10" MarginTop="4" LayoutImp.LayoutMethod="HorizontalLeftToRight">
              <Children>
                <Widget Id="PartyManagerModTroopOverviewTooltip"
                       DoNotPassEventsToChildren="true" WidthSizePolicy="Fixed"
                       HeightSizePolicy="Fixed" SuggestedWidth="!Buttons.Size"
                       SuggestedHeight="!Buttons.Size" HorizontalAlignment="Left"
                       VerticalAlignment="Center" MarginLeft="!Buttons.Margin"
                       MarginTop="!Buttons.TopMargin" Brush="PartyManager.PartyOverview" IsHidden="@RightTroopOverviewHidden"	>
                  <Children>
                    <HintWidget DataSource="{RightTroopOverviewTooltip}" WidthSizePolicy="StretchToParent" HeightSizePolicy="StretchToParent"
                        Command.HoverBegin="ExecuteBeginHint" Command.HoverEnd="ExecuteEndHint" />
                  </Children>
                </Widget>
              </Children>
            </ListPanel>
            <ListPanel WidthSizePolicy="CoverChildren" DoNotAcceptEvents="true" HeightSizePolicy="StretchToParent"  HorizontalAlignment="Right" VerticalAlignment="Center" MarginRight="0" MarginTop="4" LayoutImp.LayoutMethod="HorizontalRightToLeft">
              <Children>
                <ButtonWidget Id="PartyManagerModOpenSettingsButton"
                                    DoNotPassEventsToChildren="true" WidthSizePolicy="Fixed"
                                    HeightSizePolicy="Fixed" SuggestedWidth="!OpenSettingsButton.Size"
                                    SuggestedHeight="!OpenSettingsButton.Size" HorizontalAlignment="Right"
                                    VerticalAlignment="Top"
                        MarginRight="!OpenSettingsButton.RightMargin" MarginLeft="0"
                                    MarginTop="!OpenSettingsButton.TopMargin" Brush="PartyManager.ReloadSettings"
                        Command.Click="OpenSettings"	>
                  <Children>
                    <HintWidget DataSource="{OpenSettingsTooltip}" WidthSizePolicy="StretchToParent" HeightSizePolicy="StretchToParent"
                        Command.HoverBegin="ExecuteBeginHint" Command.HoverEnd="ExecuteEndHint" />
                  </Children>
                </ButtonWidget>
                <ButtonWidget  DataSource="{RecruitController}" Id="PartyManagerModRecruitAllPrisonersButton"
                                    DoNotPassEventsToChildren="true" WidthSizePolicy="Fixed"
                                    HeightSizePolicy="Fixed" SuggestedWidth="!Buttons.Size"
                                    SuggestedHeight="!Buttons.Size" HorizontalAlignment="Right"
                                    VerticalAlignment="Center"
									MarginLeft="!Buttons.Margin"
                                    MarginTop="!Buttons.TopMargin" Brush="PartyManager.RecruitAll" Command.Click="Click" Command.AlternateClick="AltClick"	>
                  <Children>
                    <HintWidget DataSource="{Tooltip}" WidthSizePolicy="StretchToParent" HeightSizePolicy="StretchToParent"
                        Command.HoverBegin="ExecuteBeginHint" Command.HoverEnd="ExecuteEndHint" />
                  </Children>
                </ButtonWidget>
                <ButtonWidget  DataSource="{UpgradeTroopsController}" Id="PartyManagerModUpgradeAllTroopsButton"
				                        DoNotPassEventsToChildren="true" WidthSizePolicy="Fixed"
				                        HeightSizePolicy="Fixed" SuggestedWidth="!Buttons.Size"
				                        SuggestedHeight="!Buttons.Size" HorizontalAlignment="Right"
				                        VerticalAlignment="Center"
										MarginLeft="!Buttons.Margin"
				                        MarginTop="!Buttons.TopMargin" Brush="PartyManager.UpgradeAll" Command.Click="Click" Command.AlternateClick="AltClick"	>
                  <Children>
                    <HintWidget DataSource="{Tooltip}" WidthSizePolicy="StretchToParent" HeightSizePolicy="StretchToParent"
                        Command.HoverBegin="ExecuteBeginHint" Command.HoverEnd="ExecuteEndHint" />
                  </Children>
                </ButtonWidget>
                <ButtonWidget  DataSource="{SortController}" Id="PartyManagerModCycleSortButton"
                                    DoNotPassEventsToChildren="true" WidthSizePolicy="Fixed"
                                    HeightSizePolicy="Fixed" SuggestedWidth="!Buttons.Size"
                                    SuggestedHeight="!Buttons.Size" HorizontalAlignment="Right"
                                    VerticalAlignment="Center"
									MarginLeft="!Buttons.Margin"
                                    MarginTop="!Buttons.TopMargin" Brush="PartyManager.CycleSort" Command.Click="CycleClick" Command.AlternateClick="CycleAltClick"	>
                  <Children>
                    <HintWidget DataSource="{CycleSortTooltip}" WidthSizePolicy="StretchToParent" HeightSizePolicy="StretchToParent"
                        Command.HoverBegin="ExecuteBeginHint" Command.HoverEnd="ExecuteEndHint" />
                  </Children>
                </ButtonWidget>
                <ButtonWidget  DataSource="{SortController}" Id="PartyManagerModSortUnitsButton"
                                    DoNotPassEventsToChildren="true" WidthSizePolicy="Fixed"
                                    HeightSizePolicy="Fixed" SuggestedWidth="!Buttons.Size"
                                    SuggestedHeight="!Buttons.Size" HorizontalAlignment="Right"
                                    VerticalAlignment="Center"
									MarginLeft="!Buttons.Margin"
                                    MarginTop="!Buttons.TopMargin" Brush="PartyManager.SortUnits" Command.Click="SortClick" Command.AlternateClick="SortAltClick"	>
                  <Children>
                    <HintWidget DataSource="{SortTooltip}" WidthSizePolicy="StretchToParent" HeightSizePolicy="StretchToParent"
                        Command.HoverBegin="ExecuteBeginHint" Command.HoverEnd="ExecuteEndHint" />
                  </Children>
                </ButtonWidget>
              </Children>
            </ListPanel>
          </Children>
        </Widget>

        <Widget Id="PMOtherPartyWidget"  WidthSizePolicy="Fixed" HeightSizePolicy="Fixed"
                SuggestedWidth="!LeftButtonGroup.SuggestedWidth"   HorizontalAlignment="Left" VerticalAlignment="Top" SuggestedHeight="!ButtonGroup.SuggestedHeight"
				MarginLeft="!LeftButtonGroup.RightMargin"
                DoNotAcceptEvents="true">
          <Children>
            <ListPanel Id="OtherPartyOverview" DoNotAcceptEvents="true" WidthSizePolicy="CoverChildren" HeightSizePolicy="StretchToParent" HorizontalAlignment="Right" VerticalAlignment="Center" MarginRight="10" MarginTop="4" LayoutImp.LayoutMethod="HorizontalRightToLeft">
              <Children>
                <Widget Id="PartyManagerModOtherTroopOverviewTooltip"
                       DoNotPassEventsToChildren="true" WidthSizePolicy="Fixed"
                       HeightSizePolicy="Fixed" SuggestedWidth="!Buttons.Size"
                       SuggestedHeight="!Buttons.Size" HorizontalAlignment="Right"
                       VerticalAlignment="Center" MarginLeft="!Buttons.Margin"
                       MarginTop="!Buttons.TopMargin" Brush="PartyManager.PartyOverview" IsHidden="@LeftTroopOverviewHidden"  >
                  <Children>
                    <HintWidget DataSource="{LeftTroopOverviewTooltip}" WidthSizePolicy="StretchToParent" HeightSizePolicy="StretchToParent"
                        Command.HoverBegin="ExecuteBeginHint" Command.HoverEnd="ExecuteEndHint" />
                  </Children>
                </Widget>
              </Children>
            </ListPanel>
          </Children>
        </Widget>

      </Children>
    </Widget>
  </Window>
</Prefab>