﻿<Brushes>
  <Brush Name="PartyManager.UpgradeAll">
    <Layers>
      <BrushLayer Name="Default" Sprite="PartyScreen\upgrade_icon" />
    </Layers>
    <Styles>
      <Style Name="Default">
        <BrushLayer Name="Default" ColorFactor="1.0"/>
      </Style>
      <Style Name="Hovered">
        <BrushLayer Name="Default" ColorFactor="1.2" />
      </Style>
      <Style Name="Pressed">
        <BrushLayer Name="Default" ColorFactor="0.8" />
      </Style>
      <Style Name="Disabled">
        <BrushLayer Name="Default" ColorFactor="0.6" />
      </Style>
    </Styles>
  </Brush>
  <Brush Name="PartyManager.RecruitAll">
    <Layers>
      <BrushLayer Name="Default" Sprite="InventoryPartyExtension\Extension\equip" />
    </Layers>
    <Styles>
      <Style Name="Default">
        <BrushLayer Name="Default" ColorFactor="1.0"/>
      </Style>
      <Style Name="Hovered">
        <BrushLayer Name="Default" ColorFactor="1.2" />
      </Style>
      <Style Name="Pressed">
        <BrushLayer Name="Default" ColorFactor="0.8" />
      </Style>
      <Style Name="Disabled">
        <BrushLayer Name="Default" ColorFactor="0.6" />
      </Style>
    </Styles>
  </Brush>
  <Brush Name="PartyManager.SortUnits">
    <Layers>
      <BrushLayer Name="Default" Sprite="StdAssets\sort" ExtendBottom="5" VerticalFlip="true"  />
    </Layers>
    <Styles>
      <Style Name="Default">
        <BrushLayer Name="Default" ColorFactor="1.0"/>
      </Style>
      <Style Name="Hovered">
        <BrushLayer Name="Default" ColorFactor="1.2" />
      </Style>
      <Style Name="Pressed">
        <BrushLayer Name="Default" ColorFactor="0.8" />
      </Style>
      <Style Name="Disabled">
        <BrushLayer Name="Default" ColorFactor="0.6" />
      </Style>
    </Styles>
  </Brush>
  <Brush Name="PartyManager.CycleSort">
    <Layers>
      <BrushLayer Name="Default" Sprite="StdAssets\button_refresh_flat" VerticalFlip="true"  />
    </Layers>
    <Styles>
      <Style Name="Default">
        <BrushLayer Name="Default" ColorFactor=".60"/>
      </Style>
      <Style Name="Hovered">
        <BrushLayer Name="Default" ColorFactor="1.0" />
      </Style>
      <Style Name="Pressed">
        <BrushLayer Name="Default" ColorFactor="0.8" />
      </Style>
      <Style Name="Disabled">
        <BrushLayer Name="Default" ColorFactor="0.6" />
      </Style>
    </Styles>
  </Brush>
  <Brush Name="PartyManager.ReloadSettings">
    <Layers>
      <BrushLayer Name="Default" Sprite="TownManagement\reserve_tick" VerticalFlip="false"  />
    </Layers>
    <Styles>
      <Style Name="Default">
        <BrushLayer Name="Default" ColorFactor="1.0"/>
      </Style>
      <Style Name="Hovered">
        <BrushLayer Name="Default" ColorFactor="1.9" />
      </Style>
      <Style Name="Pressed">
        <BrushLayer Name="Default" ColorFactor="0.8" />
      </Style>
      <Style Name="Disabled">
        <BrushLayer Name="Default" ColorFactor="0.6" />
      </Style>
    </Styles>
  </Brush>
  <Brush Name="PartyManager.PartyOverview">
    <Layers>
      <BrushLayer Name="Default" Sprite="SaveLoad\icon_party" VerticalFlip="false"  />
    </Layers>
    <Styles>
      <Style Name="Default">
        <BrushLayer Name="Default" ColorFactor="1.5"/>
      </Style>
      <Style Name="Hovered">
        <BrushLayer Name="Default" ColorFactor="1.9" />
      </Style>
      <Style Name="Pressed">
        <BrushLayer Name="Default" ColorFactor="0.8" />
      </Style>
      <Style Name="Disabled">
        <BrushLayer Name="Default" ColorFactor="0.0" />
      </Style>
    </Styles>
  </Brush>
</Brushes>